file_id	ext	size	md5_hash	storage_path	source_path
2824	pdf			8f/03/8f03ccf162dcde0af6710015d80368a9.pdf	四大品牌素材库/1.最新价目表/KRNOQYUE（俏小喵品牌）价目表（25.9月更）.pdf
2825	pdf			c0/d8/c0d89080bfb8535369421e681f2f5f4d.pdf	四大品牌素材库/1.最新价目表/娇薇诗 价目表（26.2月）.pdf
2826	pdf			4f/66/4f66d67e83bb9ee22d1dcccb19018db0.pdf	四大品牌素材库/1.最新价目表/清颜 价目表（26.2月）.pdf
2827	pdf			85/93/859309ef3f82dbe4ac120d360215ad56.pdf	四大品牌素材库/1.最新价目表/苏蜜雅 价目表（26.1月）.pdf
2828	pdf			ca/11/ca114c1526301abeb93aa51edf27cd5b.pdf	四大品牌素材库/1.最新价目表/蔻诺 价目表（26.2月）.pdf
2864	png			27/9a/279a79b6d607948521300c1f459e6822.png	四大品牌素材库/10.华世王镞logo+四大品牌新logo/KRNOBQUE.png
2866	png			4c/3a/4c3a3d5059078ebf7965de45e3bba171.png	四大品牌素材库/10.华世王镞logo+四大品牌新logo/华世王镞 蓝色.png
2867	png			85/74/8574cfd9572acd3ac9c39cbf1e98970d.png	四大品牌素材库/10.华世王镞logo+四大品牌新logo/华世王镞满屏斜水印（蓝色）.png
2868	png			27/e2/27e2e237e8c12d98c61d6cced1c42824.png	四大品牌素材库/10.华世王镞logo+四大品牌新logo/娇薇诗.png
2869	png			8e/1a/8e1a8ad52b8319f9a13cfa19ec440bf6.png	四大品牌素材库/10.华世王镞logo+四大品牌新logo/苏蜜雅.png
2871	png			20/6a/206a53e53e73a52b47eb0303e7c89e80.png	四大品牌素材库/11.斑点类型科普、护肤知识科普海报及文案/护肤科普海报（早上发）/护肤科普1/为什么你的脸爱长痘？.png
2872	png			91/2c/912c50e0fd996049415c8ce67256b51b.png	四大品牌素材库/11.斑点类型科普、护肤知识科普海报及文案/护肤科普海报（早上发）/护肤科普1/为什么冬季要补水？.png
2873	png			f4/ab/f4ab495488216f496e40003d564c40e5.png	四大品牌素材库/11.斑点类型科普、护肤知识科普海报及文案/护肤科普海报（早上发）/护肤科普1/为什么要用面霜.png
2874	png			d8/0c/d80c9602d6eee882e348947ee60386a1.png	四大品牌素材库/11.斑点类型科普、护肤知识科普海报及文案/护肤科普海报（早上发）/护肤科普1/什么是“三相”衰老.png
2875	png			d6/e8/d6e88ed205f3abaadf0ef3979a2260b2.png	四大品牌素材库/11.斑点类型科普、护肤知识科普海报及文案/护肤科普海报（早上发）/护肤科普1/你必须知道的洁肤小常识.png
2876	png			c9/80/c98082bc9859194f9fefc5277ca375d4.png	四大品牌素材库/11.斑点类型科普、护肤知识科普海报及文案/护肤科普海报（早上发）/护肤科普1/你是不是正确防晒？.png
2877	png			9f/f7/9ff7bce7a70a8737eb0600df58af3fb2.png	四大品牌素材库/11.斑点类型科普、护肤知识科普海报及文案/护肤科普海报（早上发）/护肤科普1/你的油敏肌是怎么形成的.png
2878	png			92/e4/92e4a7722bc3933887e90ea694426499.png	四大品牌素材库/11.斑点类型科普、护肤知识科普海报及文案/护肤科普海报（早上发）/护肤科普1/做好以下几条、皮肤白一个度.png
2879	png			e0/9a/e09a51f494dc5ac816b37dc4335de2fa.png	四大品牌素材库/11.斑点类型科普、护肤知识科普海报及文案/护肤科普海报（早上发）/护肤科普1/入春食疗推荐：从而而外调节肌肤.png
2880	png			94/b4/94b4893ea22aa1e62eb50b2c4ab40be5.png	四大品牌素材库/11.斑点类型科普、护肤知识科普海报及文案/护肤科普海报（早上发）/护肤科普1/屏障受损的修护顺序.png
2881	png			0a/f3/0af362c12931a9a725493e7664b941be.png	四大品牌素材库/11.斑点类型科普、护肤知识科普海报及文案/护肤科普海报（早上发）/护肤科普1/带你认识一些美白大佬 (2).png
2882	png			8c/2e/8c2ebf70c4dbfc09b4b96f28aad620d0.png	四大品牌素材库/11.斑点类型科普、护肤知识科普海报及文案/护肤科普海报（早上发）/护肤科普1/带你认识一些美白大佬.png
2883	png			dc/e6/dce6c5b724039005bd4bf507cd07a7a5.png	四大品牌素材库/11.斑点类型科普、护肤知识科普海报及文案/护肤科普海报（早上发）/护肤科普1/我们为什么会变黑.png
2884	png			d7/cb/d7cba70bfac634138007e3ce0c2519ca.png	四大品牌素材库/11.斑点类型科普、护肤知识科普海报及文案/护肤科普海报（早上发）/护肤科普1/护肤品不吸收的原因.png
2885	png			91/fb/91fb52e9e768d242f74abf8bd63e76f0.png	四大品牌素材库/11.斑点类型科普、护肤知识科普海报及文案/护肤科普海报（早上发）/护肤科普1/敏感肌护理指南.png
2886	png			50/04/5004e0641684c6d9e30168fa4437d27d.png	四大品牌素材库/11.斑点类型科普、护肤知识科普海报及文案/护肤科普海报（早上发）/护肤科普1/有助于解决皮肤问题的常见食物.png
2887	png			29/4f/294f5b2e110bc13562b7d170e05e3f85.png	四大品牌素材库/11.斑点类型科普、护肤知识科普海报及文案/护肤科普海报（早上发）/护肤科普1/湿敷有什么好处.png
2888	png			b3/91/b39107ce11075b150ad407869c4a177e.png	四大品牌素材库/11.斑点类型科普、护肤知识科普海报及文案/护肤科普海报（早上发）/护肤科普1/湿敷用什么水.png
2889	png			80/63/80630b566e99988240760bf533082ad0.png	四大品牌素材库/11.斑点类型科普、护肤知识科普海报及文案/护肤科普海报（早上发）/护肤科普1/痘痘久去不复的4个好习惯.png
2890	png			73/3b/733b3b33c0beec42e49bb4db17930dcf.png	四大品牌素材库/11.斑点类型科普、护肤知识科普海报及文案/护肤科普海报（早上发）/护肤科普1/痘痘的护理原则.png
2891	png			a4/d3/a4d3a5ec872d3913eccdae24e21281f9.png	四大品牌素材库/11.斑点类型科普、护肤知识科普海报及文案/护肤科普海报（早上发）/护肤科普1/皮肤越来越好的好习惯1.0.png
2892	png			71/09/7109890c8b30812e80d3cbcd897a2617.png	四大品牌素材库/11.斑点类型科普、护肤知识科普海报及文案/护肤科普海报（早上发）/护肤科普1/皮肤越来越好的好习惯2.0.png
2893	png			4a/87/4a879725b29e42fea1182ad28a4c8943.png	四大品牌素材库/11.斑点类型科普、护肤知识科普海报及文案/护肤科普海报（早上发）/护肤科普1/皮肤越来越好的好习惯3.0.png
2894	png			69/46/69462b5889979c95f38534fcde594aee.png	四大品牌素材库/11.斑点类型科普、护肤知识科普海报及文案/护肤科普海报（早上发）/护肤科普1/看看你是不是在无效护肤.png
2895	png			17/95/179587078d9c8da627f23c08108652ac.png	四大品牌素材库/11.斑点类型科普、护肤知识科普海报及文案/护肤科普海报（早上发）/护肤科普1/胶原蛋白开始流失的信号？.png
2896	png			66/aa/66aa327bfea612e8dc68264a314cdd72.png	四大品牌素材库/11.斑点类型科普、护肤知识科普海报及文案/护肤科普海报（早上发）/护肤科普1/脸部细胞怎么保养.png
2897	png			51/b9/51b9b0e36140a298e54c88e0c7210d8d.png	四大品牌素材库/11.斑点类型科普、护肤知识科普海报及文案/护肤科普海报（早上发）/护肤科普1/调肤的4个阶段.png
2898	png			6d/e8/6de85eef8bfa389b57a8081c6c846fa0.png	四大品牌素材库/11.斑点类型科普、护肤知识科普海报及文案/护肤科普海报（早上发）/护肤科普2/1分钟读懂皮肤松弛.png
2899	png			92/71/92713bededf0d16be25b640bf0f9a4c8.png	四大品牌素材库/11.斑点类型科普、护肤知识科普海报及文案/护肤科普海报（早上发）/护肤科普2/三个不花钱的美白淡斑小技巧.png
2900	png			6f/b2/6fb20e636d3e34cde8b241bbe97b6558.png	四大品牌素材库/11.斑点类型科普、护肤知识科普海报及文案/护肤科普海报（早上发）/护肤科普2/三步教你判断自己是干皮还是油皮.png
2901	png			0b/d4/0bd4a2be69d17513d5adf2a8efbf0e96.png	四大品牌素材库/11.斑点类型科普、护肤知识科普海报及文案/护肤科普海报（早上发）/护肤科普2/不同位置长闭口的原因.png
2902	png			5e/a5/5ea53e2150b520becc3a8a5dc6e5c1e2.png	四大品牌素材库/11.斑点类型科普、护肤知识科普海报及文案/护肤科普海报（早上发）/护肤科普2/为什么你的脸爱长痘痘.png
2903	png			32/42/324237c28f6d40ce52668ba6f6521e28.png	四大品牌素材库/11.斑点类型科普、护肤知识科普海报及文案/护肤科普海报（早上发）/护肤科普2/为什么要适当做好深层清洁.png
2904	png			df/03/df03bfdf79dfc84c15025d86e85f7f1f.png	四大品牌素材库/11.斑点类型科普、护肤知识科普海报及文案/护肤科普海报（早上发）/护肤科普2/什么叫“三补两抗”？.png
2905	png			3c/9e/3c9e67902cd4c86580afc84d9305339a.png	四大品牌素材库/11.斑点类型科普、护肤知识科普海报及文案/护肤科普海报（早上发）/护肤科普2/什么样的痘痘不能挤？.png
2906	png			49/64/49640d7cc4d1b42ce56679f65b1a4b7f.png	四大品牌素材库/11.斑点类型科普、护肤知识科普海报及文案/护肤科普海报（早上发）/护肤科普2/你的痘痘挤出来是什么东西？.png
2907	png			81/37/813777e7c0e8303111a1db1299799556.png	四大品牌素材库/11.斑点类型科普、护肤知识科普海报及文案/护肤科普海报（早上发）/护肤科普2/你的皮肤是几级缺水.png
2908	png			ec/9b/ec9b18170aed95ec0e1c1b36c34d9f23.png	四大品牌素材库/11.斑点类型科普、护肤知识科普海报及文案/护肤科普海报（早上发）/护肤科普2/冬敏肌的肌肤修护思路.png
2909	png			81/43/814366511ba3d242b969f896c6dae3de.png	四大品牌素材库/11.斑点类型科普、护肤知识科普海报及文案/护肤科普海报（早上发）/护肤科普2/出现春敏的原因有哪些.png
2910	png			ee/2a/ee2adb874cc88496656909630a203901.png	四大品牌素材库/11.斑点类型科普、护肤知识科普海报及文案/护肤科普海报（早上发）/护肤科普2/哪些宵夜越吃越漂亮.png
2911	png			57/2c/572c7706d747793fe7a3697f9bf3768d.png	四大品牌素材库/11.斑点类型科普、护肤知识科普海报及文案/护肤科普海报（早上发）/护肤科普2/如何判断皮肤需要深层清洁.png
2912	png			df/92/df9211f2996b57a01029ff4ed5900383.png	四大品牌素材库/11.斑点类型科普、护肤知识科普海报及文案/护肤科普海报（早上发）/护肤科普2/如何有效解决皮肤缺水.png
2913	png			70/32/70325186428d2a64b3a8cc0b7d0e2822.png	四大品牌素材库/11.斑点类型科普、护肤知识科普海报及文案/护肤科普海报（早上发）/护肤科普2/干敏肌不正确的护肤方式.png
2914	png			d1/88/d188766d845cce0afb0bec53f43877b9.png	四大品牌素材库/11.斑点类型科普、护肤知识科普海报及文案/护肤科普海报（早上发）/护肤科普2/护肤与调肤的区别？.png
2915	png			85/23/85239bc52330df7f37122bb8662c6969.png	四大品牌素材库/11.斑点类型科普、护肤知识科普海报及文案/护肤科普海报（早上发）/护肤科普2/日常抗炎自救攻略.png
2916	png			5f/79/5f79b7db1a04ab3b0d202a355847deaf.png	四大品牌素材库/11.斑点类型科普、护肤知识科普海报及文案/护肤科普海报（早上发）/护肤科普2/春夏换季护肤4不要.png
2917	png			e6/3a/e63af5ec63d007a446592827aede5f6c.png	四大品牌素材库/11.斑点类型科普、护肤知识科普海报及文案/护肤科普海报（早上发）/护肤科普2/春敏急救小技巧.png
2918	png			d8/dc/d8dc4cd6b2cc100071d51f8a7dbcd9df.png	四大品牌素材库/11.斑点类型科普、护肤知识科普海报及文案/护肤科普海报（早上发）/护肤科普2/春敏的皮肤表现.png
2919	png			34/fd/34fdf95fb608e7a3892c7bb9690f88a7.png	四大品牌素材库/11.斑点类型科普、护肤知识科普海报及文案/护肤科普海报（早上发）/护肤科普2/淡斑要经历哪三步？.png
2920	png			6e/47/6e47e23e84a72d8fdd6f76f7f78e6fd1.png	四大品牌素材库/11.斑点类型科普、护肤知识科普海报及文案/护肤科普海报（早上发）/护肤科普2/皮肤松弛的原因.png
2921	png			03/2a/032a04db8670d6af49d9dcccbdfcf6a5.png	四大品牌素材库/11.斑点类型科普、护肤知识科普海报及文案/护肤科普海报（早上发）/护肤科普2/皮肤缺水的表现有哪些.png
2922	png			fe/21/fe21dccaa9032abf649a65ef45a42650.png	四大品牌素材库/11.斑点类型科普、护肤知识科普海报及文案/护肤科普海报（早上发）/护肤科普2/皮脂膜的作用了解一下.png
2923	png			a5/23/a52313fb8e839a5ac9a3f3b8bab14247.png	四大品牌素材库/11.斑点类型科普、护肤知识科普海报及文案/护肤科普海报（早上发）/护肤科普2/色斑是怎么形成的.png
2924	png			e2/14/e2147f6b953cd9ff6167beba97a07d04.png	四大品牌素材库/11.斑点类型科普、护肤知识科普海报及文案/护肤科普海报（早上发）/护肤科普2/让皮肤白白嫩嫩的6种黑食物.png
2925	png			ae/70/ae7036c67b3889b14dc345f9d282334f.png	四大品牌素材库/11.斑点类型科普、护肤知识科普海报及文案/护肤科普海报（早上发）/护肤科普2/适合冬季的护肤成分有哪些？.png
2926	png			f8/44/f8447116f34d34fe1aaa1cd704b6ac0f.png	四大品牌素材库/11.斑点类型科普、护肤知识科普海报及文案/护肤科普海报（早上发）/护肤科普2/预防春敏小技巧.png
2927	png			67/84/6784d668b10eb52df52f78e2cdf6f6e0.png	四大品牌素材库/11.斑点类型科普、护肤知识科普海报及文案/护肤科普海报（早上发）/护肤科普3/为什么 毛孔粗大总是断不了根.png
2928	png			0b/5c/0b5c26c4db57acf42b39c2298a43f2f4.png	四大品牌素材库/11.斑点类型科普、护肤知识科普海报及文案/护肤科普海报（早上发）/护肤科普3/为什么冬季还需要防晒.png
2929	png			5c/ab/5cabf05fe134d35f9e22bebb096b1ec4.png	四大品牌素材库/11.斑点类型科普、护肤知识科普海报及文案/护肤科普海报（早上发）/护肤科普3/为什么秋冬需要做抗老.png
2930	png			ff/c5/ffc5f55133b1f5dddb59f506285c6248.png	四大品牌素材库/11.斑点类型科普、护肤知识科普海报及文案/护肤科普海报（早上发）/护肤科普3/为什冬季皮肤会干燥、起皮、泛红.png
2931	png			a7/58/a75866366e52fc2cd8ac297a72faf10b.png	四大品牌素材库/11.斑点类型科普、护肤知识科普海报及文案/护肤科普海报（早上发）/护肤科普3/什么是油敏肌.png
2932	png			7e/ae/7eaefb0186a6548b97749018e88c727e.png	四大品牌素材库/11.斑点类型科普、护肤知识科普海报及文案/护肤科普海报（早上发）/护肤科普3/什么是深层清洁.png
2933	png			bd/74/bd7436c0aba185f2262b7c814cc18b14.png	四大品牌素材库/11.斑点类型科普、护肤知识科普海报及文案/护肤科普海报（早上发）/护肤科普3/什么是白头粉刺.png
2934	png			9c/89/9c890fbeb8bf579d72a27f9363a53895.png	四大品牌素材库/11.斑点类型科普、护肤知识科普海报及文案/护肤科普海报（早上发）/护肤科普3/什么是皮肤新陈代谢.png
2935	png			e9/dd/e9dd1b3b782a875797619fcec4dc6ee0.png	四大品牌素材库/11.斑点类型科普、护肤知识科普海报及文案/护肤科普海报（早上发）/护肤科普3/什么是皮肤的“通透感”.png
2936	png			cb/9a/cb9a6a6127ff870ab1ce0a39052330bd.png	四大品牌素材库/11.斑点类型科普、护肤知识科普海报及文案/护肤科普海报（早上发）/护肤科普3/什么是肌肤氧化.png
2937	png			7b/9e/7b9e933e45b0a90411301fb37c576fc8.png	四大品牌素材库/11.斑点类型科普、护肤知识科普海报及文案/护肤科普海报（早上发）/护肤科普3/什么是黑头粉刺.png
2938	png			d9/95/d995b2316ce683a1c258abdab3184124.png	四大品牌素材库/11.斑点类型科普、护肤知识科普海报及文案/护肤科普海报（早上发）/护肤科普3/什么样的面霜更适合晚上用.png
2939	png			82/df/82dfc5f6e6e57c6d6913c1ca08a9668b.png	四大品牌素材库/11.斑点类型科普、护肤知识科普海报及文案/护肤科普海报（早上发）/护肤科普3/今日修护成分科普——洋甘菊.png
2940	png			b8/1e/b81eee731d39eaef0e3f711fe2ece6d9.png	四大品牌素材库/11.斑点类型科普、护肤知识科普海报及文案/护肤科普海报（早上发）/护肤科普3/你以为防晒只是夏天的事情？.png
2941	png			03/18/03184b63405c46c79c87bb9c6ea98ede.png	四大品牌素材库/11.斑点类型科普、护肤知识科普海报及文案/护肤科普海报（早上发）/护肤科普3/你会在妆前敷面膜吗？.png
2942	png			2d/3f/2d3f1bdb147f1ead040db2bd2afecd85.png	四大品牌素材库/11.斑点类型科普、护肤知识科普海报及文案/护肤科普海报（早上发）/护肤科普3/再差的皮肤也一定可以变好.png
2943	png			3f/64/3f64d110520a2ccac51a3bba54aea94e.png	四大品牌素材库/11.斑点类型科普、护肤知识科普海报及文案/护肤科普海报（早上发）/护肤科普3/冬季到底用冷水洗脸还是热水洗脸.png
2944	png			00/09/0009e22f4234b1b50c4fe510b2464fd4.png	四大品牌素材库/11.斑点类型科普、护肤知识科普海报及文案/护肤科普海报（早上发）/护肤科普3/吃辣椒到底会不会致痘.png
2945	png			dc/18/dc1871a156232baee9800b98b0c39ff4.png	四大品牌素材库/11.斑点类型科普、护肤知识科普海报及文案/护肤科普海报（早上发）/护肤科普3/吃酱油会让皮肤变黑吗？.png
2946	png			6c/1e/6c1e071390113c7fa3330a10f7a84419.png	四大品牌素材库/11.斑点类型科普、护肤知识科普海报及文案/护肤科普海报（早上发）/护肤科普3/同样的产品别人用有效，而你用没效？.png
2947	png			63/81/6381117cdfeb9548e5d56547670bfb1f.png	四大品牌素材库/11.斑点类型科普、护肤知识科普海报及文案/护肤科普海报（早上发）/护肤科普3/告别肌肤“春季综合症”之干燥起皮.png
2948	png			e5/f6/e5f6a9fc10fe06455937ba73d8d512f1.png	四大品牌素材库/11.斑点类型科普、护肤知识科普海报及文案/护肤科普海报（早上发）/护肤科普3/告别肌肤“春季综合症”之皮肤暗沉.png
2949	png			e0/34/e0340c28f93ff73c63c2b645157d8540.png	四大品牌素材库/11.斑点类型科普、护肤知识科普海报及文案/护肤科普海报（早上发）/护肤科普3/告别肌肤“春季综合症”之过油爆痘.png
2950	png			6f/f4/6ff4a27b57794931b5d5d17fef65105c.png	四大品牌素材库/11.斑点类型科普、护肤知识科普海报及文案/护肤科普海报（早上发）/护肤科普3/喝牛奶会致痘吗.png
2951	png			60/d6/60d66ce3b09086623735e41117bf1f81.png	四大品牌素材库/11.斑点类型科普、护肤知识科普海报及文案/护肤科普海报（早上发）/护肤科普3/如何提升皮肤新陈代谢速度.png
2952	png			42/5f/425f1da9255c6ba56d930dcbae33255c.png	四大品牌素材库/11.斑点类型科普、护肤知识科普海报及文案/护肤科普海报（早上发）/护肤科普3/如何有效使用补水喷雾.png
2953	png			b7/64/b76451b87646430ea2b0d99c20f4b3ac.png	四大品牌素材库/11.斑点类型科普、护肤知识科普海报及文案/护肤科普海报（早上发）/护肤科普3/将护肤品分装会影响效果吗.png
2954	png			4e/af/4eaf2d7d7eb44ed715f9a4dc4cbe4a41.png	四大品牌素材库/11.斑点类型科普、护肤知识科普海报及文案/护肤科普海报（早上发）/护肤科普3/带你了解肌肤第一道天然屏障：皮脂膜.png
2955	png			6f/0b/6f0b0e17ab135def637dd4f71fa79d75.png	四大品牌素材库/11.斑点类型科普、护肤知识科普海报及文案/护肤科普海报（早上发）/护肤科普3/带你了解黄褐斑.png
2956	png			de/f2/def26e4185915e7a8bcd6916be61139b.png	四大品牌素材库/11.斑点类型科普、护肤知识科普海报及文案/护肤科普海报（早上发）/护肤科普3/带你认识常见肌肤问题——出油.png
2957	png			77/f7/77f7341a9c5f7269367c826fa8a245da.png	四大品牌素材库/11.斑点类型科普、护肤知识科普海报及文案/护肤科普海报（早上发）/护肤科普3/带你认识水杨酸.png
2958	png			65/9d/659d3c797c49d8750d6649bd0c40438f.png	四大品牌素材库/11.斑点类型科普、护肤知识科普海报及文案/护肤科普海报（早上发）/护肤科普3/护肤金字塔的顶尖位置是谁.png
2959	png			2a/6b/2a6b0b82ea1a7856588509aeabdd2a2c.png	四大品牌素材库/11.斑点类型科普、护肤知识科普海报及文案/护肤科普海报（早上发）/护肤科普3/新陈代谢对皮肤的影响.png
2960	png			39/34/393438547bc5eed29486518c6fe878f6.png	四大品牌素材库/11.斑点类型科普、护肤知识科普海报及文案/护肤科普海报（早上发）/护肤科普3/春敏=过敏？.png
2961	png			12/00/120004db10437f2a1d0b0c9fce876986.png	四大品牌素材库/11.斑点类型科普、护肤知识科普海报及文案/护肤科普海报（早上发）/护肤科普3/春敏期即将到来！什么是春敏？.png
2962	png			7d/94/7d94922c1087a347f4b3c246e688e6a9.png	四大品牌素材库/11.斑点类型科普、护肤知识科普海报及文案/护肤科普海报（早上发）/护肤科普3/油痘肌如何控制不长痘.png
2963	png			6b/ec/6becddc4c5d137a06c09378277699dc4.png	四大品牌素材库/11.斑点类型科普、护肤知识科普海报及文案/护肤科普海报（早上发）/护肤科普3/物理防晒好，还是化学防晒好.png
2964	png			07/4f/074fecb493ce998e19c57fb459fb110e.png	四大品牌素材库/11.斑点类型科普、护肤知识科普海报及文案/护肤科普海报（早上发）/护肤科普3/皮肤代谢周期并非一成不变.png
2965	png			19/70/19705b92e3c5631bfdf05524f01c54b4.png	四大品牌素材库/11.斑点类型科普、护肤知识科普海报及文案/护肤科普海报（早上发）/护肤科普3/皮肤有生物钟吗？.png
2966	png			0d/9e/0d9e4cc0a898b2afdf60805f6b5f514a.png	四大品牌素材库/11.斑点类型科普、护肤知识科普海报及文案/护肤科普海报（早上发）/护肤科普3/让你越吃越黑的食物：光敏性食物.png
2967	png			8c/20/8c207a3f5176c32f3359edff4af2568d.png	四大品牌素材库/11.斑点类型科普、护肤知识科普海报及文案/护肤科普海报（早上发）/护肤科普3/长腮边痘跟什么有关.png
2968	png			f4/2e/f42eec2962eb80958e81111cec37621f.png	四大品牌素材库/11.斑点类型科普、护肤知识科普海报及文案/护肤科普海报（早上发）/护肤科普3/黄褐斑的形成原因有哪些.png
2969	png			ba/b5/bab5c38c66608b35b05b280c1e16e3fd.png	四大品牌素材库/11.斑点类型科普、护肤知识科普海报及文案/斑点科普海报22张/1.想祛斑 先识斑.png
2970	png			a0/b6/a0b6322d356c2c94635a202de436d299.png	四大品牌素材库/11.斑点类型科普、护肤知识科普海报及文案/斑点科普海报22张/2.黄褐斑.png
2971	png			d4/d6/d4d61bb5793326783fc206950ee7d789.png	四大品牌素材库/11.斑点类型科普、护肤知识科普海报及文案/斑点科普海报22张/3.老年斑.png
2972	png			6f/93/6f937f96a87d43512b84c9bba3dba639.png	四大品牌素材库/11.斑点类型科普、护肤知识科普海报及文案/斑点科普海报22张/4.雀斑.png
2973	png			79/1b/791b13ed703cf675e55e83d5fff75238.png	四大品牌素材库/11.斑点类型科普、护肤知识科普海报及文案/斑点科普海报22张/5.深层斑.png
2974	png			43/18/4318def08ea9f021b6af18eb4b2eb3be.png	四大品牌素材库/11.斑点类型科普、护肤知识科普海报及文案/斑点科普海报22张/6.真皮斑.png
2975	png			ee/5f/ee5f2dc19b5e9e3fc290e7fd216b29f7.png	四大品牌素材库/11.斑点类型科普、护肤知识科普海报及文案/斑点科普海报22张/华世王镞专利.png
2976	png			c6/16/c6168a20cca6c29db90ad7d1a2ca940a.png	四大品牌素材库/11.斑点类型科普、护肤知识科普海报及文案/斑点科普海报22张/科普10.使用产品后干燥紧绷微痒=产品有问题？.png
2977	png			42/25/4225cdb83df069b6fd1932df9df654fa.png	四大品牌素材库/11.斑点类型科普、护肤知识科普海报及文案/斑点科普海报22张/科普11：你为什么会长斑.png
2978	png			bb/a4/bba4a2247a9b407a927aba2abe4ac6f9.png	四大品牌素材库/11.斑点类型科普、护肤知识科普海报及文案/斑点科普海报22张/科普12：调肤期间脸上的斑“时深时浅”.png
2979	png			ca/08/ca084ed5ea865566efc5649b36ea3ae5.png	四大品牌素材库/11.斑点类型科普、护肤知识科普海报及文案/斑点科普海报22张/科普13：斑淡了但没完全消失？.png
2980	png			99/48/99484b0af41dcf1a449866ab05c36dea.png	四大品牌素材库/11.斑点类型科普、护肤知识科普海报及文案/斑点科普海报22张/科普14：一停用就变黑，产品是不是含激素.png
2981	png			83/12/8312632c516340e7f018083cdc8a35af.png	四大品牌素材库/11.斑点类型科普、护肤知识科普海报及文案/斑点科普海报22张/科普15：用了祛斑精华后狂长痘，是产品太油吗？.png
2982	png			a6/cc/a6cce76cae130557ff007b067a0eb743.png	四大品牌素材库/11.斑点类型科普、护肤知识科普海报及文案/斑点科普海报22张/科普1：为什么祛斑后斑还在长.png
2983	png			9e/4b/9e4bde80ebaf42847301ffc65ec6df9d.png	四大品牌素材库/11.斑点类型科普、护肤知识科普海报及文案/斑点科普海报22张/科普2：为什么女性更容易长斑.png
2984	png			87/8b/878bb419af16d1dcce7419a4ba6927c1.png	四大品牌素材库/11.斑点类型科普、护肤知识科普海报及文案/斑点科普海报22张/科普3：美白≠祛斑.png
2985	png			6c/73/6c733937b7dfa242cd1d0cefe049252e.png	四大品牌素材库/11.斑点类型科普、护肤知识科普海报及文案/斑点科普海报22张/科普4：为什么有的淡斑产品涂了也没效果.png
2986	png			c7/e2/c7e2f7f1512f06a9ec82f82f8e86f83c.png	四大品牌素材库/11.斑点类型科普、护肤知识科普海报及文案/斑点科普海报22张/科普5：祛斑后会重新长出来吗？.png
2987	png			a0/62/a06251178e047b3a5ccc1fa586e4585e.png	四大品牌素材库/11.斑点类型科普、护肤知识科普海报及文案/斑点科普海报22张/科普6：怎么防止斑越来越多.png
2988	png			30/4d/304de318693e59d9bffd855d733f7bdc.png	四大品牌素材库/11.斑点类型科普、护肤知识科普海报及文案/斑点科普海报22张/科普7：为什么祛斑要早点做1？.png
2989	png			68/ed/68eda78ed9e637505d532c1b6747c08b.png	四大品牌素材库/11.斑点类型科普、护肤知识科普海报及文案/斑点科普海报22张/科普8：为什么祛斑要早点做2？.png
2990	png			13/09/1309834cca82701e4867833c6c684c0b.png	四大品牌素材库/11.斑点类型科普、护肤知识科普海报及文案/斑点科普海报22张/科普9：祛斑四大禁忌！.png
2830	pdf			53/b2/53b22319550dd38cc2e3f5ef3a65f80a.pdf	四大品牌素材库/12.爆款产品说明/圣痘士三件套产品说明.pdf
3055	jpg			92/d5/92d5439a7e9fa919d0b344f524838a05.jpg	四大品牌素材库/14.广州华世王镞/1. 朋友圈素材/图片集/李志均/微信图片_20260612111946_43_28.jpg
3056	jpg			0a/16/0a16677968064d451bfd76b1f017b281.jpg	四大品牌素材库/14.广州华世王镞/1. 朋友圈素材/图片集/李志均/微信图片_20260612111946_44_28.jpg
3057	jpg			42/98/42982006ca1dcce098257f69449bde6a.jpg	四大品牌素材库/14.广州华世王镞/1. 朋友圈素材/图片集/李志均/微信图片_20260612111947_45_28.jpg
3058	jpg			c6/77/c677a219f9e56a94e326be3ab5da029a.jpg	四大品牌素材库/14.广州华世王镞/1. 朋友圈素材/图片集/李志均/微信图片_20260612111948_46_28.jpg
3059	jpg			1b/fc/1bfc5ca241f0b6d3e4aa1809c6920d1f.jpg	四大品牌素材库/14.广州华世王镞/1. 朋友圈素材/图片集/李志均/微信图片_20260612111949_47_28.jpg
3060	jpg			48/ea/48ea11e3c8091cd6586aaf04f717ec23.jpg	四大品牌素材库/14.广州华世王镞/1. 朋友圈素材/图片集/李志均/微信图片_20260612111949_48_28.jpg
3061	jpg			0f/10/0f10e520860a9ea03ea48910ffd1e9d2.jpg	四大品牌素材库/14.广州华世王镞/1. 朋友圈素材/图片集/李志均/微信图片_20260612111950_49_28.jpg
3062	jpg			2e/72/2e7283a58b9255c7814afc9990ae6c5f.jpg	四大品牌素材库/14.广州华世王镞/1. 朋友圈素材/图片集/李志均/微信图片_20260612112151_50_28.jpg
3063	jpg			09/81/0981b4f7d635b8349966e40e8a2081e8.jpg	四大品牌素材库/14.广州华世王镞/1. 朋友圈素材/图片集/李志均/微信图片_20260612112333_51_28.jpg
3064	jpg			58/86/5886db05c0594bf47698d13f963097f0.jpg	四大品牌素材库/14.广州华世王镞/1. 朋友圈素材/图片集/李薇/02444acdb447ffe47153bff75283edb9.jpg
3065	jpg			3f/12/3f12f3e48e6d9f261a199c26a64ace1f.jpg	四大品牌素材库/14.广州华世王镞/1. 朋友圈素材/图片集/李薇/110867b7552b7fbbcad760abe2b5ab60.jpg
3066	jpg			d4/38/d43879065153a761beb893022e43a7c9.jpg	四大品牌素材库/14.广州华世王镞/1. 朋友圈素材/图片集/李薇/207639a9163108bb73fb45c7829ff23b.jpg
3067	jpg			77/46/7746338ec78c8130b3c2995b8d3ba0bb.jpg	四大品牌素材库/14.广州华世王镞/1. 朋友圈素材/图片集/李薇/368a75061a3c66b3d5cd876f143a4f14.jpg
3068	jpg			c1/20/c12080c9b6dd99f1582c491d39b2e04c.jpg	四大品牌素材库/14.广州华世王镞/1. 朋友圈素材/图片集/李薇/37d281d8c31c8ded6fd861c4593a687a.jpg
3069	jpg			c9/c3/c9c3e9f6aa2d617c7f68a6b8fef08788.jpg	四大品牌素材库/14.广州华世王镞/1. 朋友圈素材/图片集/李薇/8481866f1c62acf29119c8ae7c12627d.jpg
3070	jpg			1f/83/1f83257dbf704671b424d210187ea0e8.jpg	四大品牌素材库/14.广州华世王镞/1. 朋友圈素材/图片集/李薇/b20036fa2f334001384c6bca0d9b740b.jpg
3071	jpg			73/9c/739c91b935cd73a97df15be1567d9488.jpg	四大品牌素材库/14.广州华世王镞/1. 朋友圈素材/图片集/李薇/c0afbe0846fb4e0125d3f00047f04202.jpg
3072	jpg			5a/5a/5a5a9d9880026f87effc7814de790969.jpg	四大品牌素材库/14.广州华世王镞/1. 朋友圈素材/图片集/李薇/d1b3a63b1c8fef4a5b90b53e9b42024e.jpg
3073	jpg			bf/3a/bf3a558a26c4e97713d5d74b3e9edf3b.jpg	四大品牌素材库/14.广州华世王镞/1. 朋友圈素材/图片集/李薇/dd88c004202ad98e1280bd978f3363b5.jpg
3074	jpg			ae/11/ae118d289d4eeceead29d42f1dc25a2a.jpg	四大品牌素材库/14.广州华世王镞/1. 朋友圈素材/图片集/赵绍月/093341c28d886215216bcbf9b564f209.jpg
3075	jpg			aa/5d/aa5dea071175799be0d4f90f34795867.jpg	四大品牌素材库/14.广州华世王镞/1. 朋友圈素材/图片集/赵绍月/3fac9f5b625e391d1f837aa61420efe3.jpg
3076	jpg			70/82/70821279d634a1bcaa5dce5979de7f9b.jpg	四大品牌素材库/14.广州华世王镞/1. 朋友圈素材/图片集/赵绍月/515df75eb6de80777f9aa937a221bbc3.jpg
3077	jpg			46/89/46894982be779ade3c68afe74d053a5d.jpg	四大品牌素材库/14.广州华世王镞/1. 朋友圈素材/图片集/赵绍月/7741eb469e1aa33cca51c050d482299d.jpg
3078	jpg			73/80/7380d552cae8ece99249fa1b0c0eb801.jpg	四大品牌素材库/14.广州华世王镞/1. 朋友圈素材/图片集/赵绍月/ace2390dce4172899f231a2c5a838f05.jpg
3079	jpg			bd/18/bd187603928242dbd8764866586d8343.jpg	四大品牌素材库/14.广州华世王镞/1. 朋友圈素材/图片集/赵绍月/b75292afc083e69cb9af0f7123e1edc2.jpg
3080	jpg			d7/a8/d7a8736a5066ac33c9fe3d1caf441797.jpg	四大品牌素材库/14.广州华世王镞/1. 朋友圈素材/图片集/赵绍月/c914b6d945e9e0b6b81ee47d4741b82c.jpg
3081	jpg			f3/ce/f3ce3e2ada04c77a3b93b01d6d7132f3.jpg	四大品牌素材库/14.广州华世王镞/1. 朋友圈素材/图片集/赵绍月/e2e4fb6b158e270f21788b242dcaa89c.jpg
3082	jpg			25/d7/25d74617d569cd31a3eabeb34b96262b.jpg	四大品牌素材库/14.广州华世王镞/1. 朋友圈素材/图片集/赵绍月/f0006df86f9ddb1349973de54196b3ef.jpg
3083	jpg			8f/89/8f89d97e342695df4ecd952b38c8e540.jpg	四大品牌素材库/14.广州华世王镞/1. 朋友圈素材/图片集/赵绍月/f051e781dd681d8847430c7b8dccca61.jpg
3084	jpg			4f/5b/4f5becafb40c7e9c3366fb54272580c0.jpg	四大品牌素材库/14.广州华世王镞/1. 朋友圈素材/图片集/邹伟坚/微信图片_20260610223255_8378_15.jpg
3085	jpg			ea/fe/eafec32d4b36af29ca89b8dc3badbe42.jpg	四大品牌素材库/14.广州华世王镞/1. 朋友圈素材/图片集/邹伟坚/微信图片_20260610223257_8380_15.jpg
3086	jpg			47/a5/47a58fccc35b30e7a4af3a2d3270dd48.jpg	四大品牌素材库/14.广州华世王镞/1. 朋友圈素材/图片集/邹伟坚/微信图片_20260610223302_8383_15.jpg
3087	jpg			6f/18/6f183a7f8f2aa9949c2ff0510f2bd5c6.jpg	四大品牌素材库/14.广州华世王镞/1. 朋友圈素材/图片集/邹伟坚/微信图片_20260610223305_8385_15.jpg
3088	jpg			44/1d/441d764e0d3f3bf19ce5e345bf6ce611.jpg	四大品牌素材库/14.广州华世王镞/1. 朋友圈素材/图片集/邹伟坚/微信图片_20260610223310_8388_15.jpg
3089	jpg			39/7c/397cdeeaae8f28ca52f72b49b68fcf40.jpg	四大品牌素材库/14.广州华世王镞/1. 朋友圈素材/图片集/邹伟坚/微信图片_20260610223312_8389_15.jpg
3090	jpg			95/22/9522f7d06ce55dbe9c4918219526869f.jpg	四大品牌素材库/14.广州华世王镞/1. 朋友圈素材/图片集/邹伟坚/微信图片_20260610223318_8393_15.jpg
3091	jpg			c7/69/c7693fddc8a4f33126d87dcb448b53b1.jpg	四大品牌素材库/14.广州华世王镞/1. 朋友圈素材/图片集/邹伟坚/微信图片_20260610223319_8394_15.jpg
3092	jpg			32/ba/32ba0d341c93b79f44a8a7f5474a63ab.jpg	四大品牌素材库/14.广州华世王镞/1. 朋友圈素材/图片集/邹伟坚/微信图片_20260610223321_8395_15.jpg
3093	jpg			c4/a4/c4a41e6f589a6ca38c45084ee9413e87.jpg	四大品牌素材库/14.广州华世王镞/1. 朋友圈素材/图片集/邹伟坚/微信图片_20260610223417_8398_15.jpg
3094	jpg			4b/59/4b5952592d56090899a5657725cc618d.jpg	四大品牌素材库/14.广州华世王镞/1. 朋友圈素材/图片集/邹伟坚/微信图片_20260610223420_8400_15.jpg
3095	jpg			9f/52/9f52b2c6ca84f1eca505a2b4cefba18f.jpg	四大品牌素材库/14.广州华世王镞/1. 朋友圈素材/图片集/邹伟坚/微信图片_20260610223428_8405_15.jpg
3096	jpg			4f/c0/4fc0b96b69ac54156281d6ab26c85b3f.jpg	四大品牌素材库/14.广州华世王镞/1. 朋友圈素材/图片集/邹伟坚/微信图片_20260610223430_8406_15.jpg
3097	jpg			7c/0c/7c0cfbcd68736ddfc0f5aa176139a069.jpg	四大品牌素材库/14.广州华世王镞/1. 朋友圈素材/图片集/邹伟坚/微信图片_20260610223438_8411_15.jpg
3098	jpg			a8/2f/a82fc4e362b80c05d813332c94dd5845.jpg	四大品牌素材库/14.广州华世王镞/1. 朋友圈素材/图片集/邹伟坚/微信图片_20260610223442_8414_15.jpg
3099	jpg			3d/54/3d54d2b55eeb2456d9ca3de0963a405a.jpg	四大品牌素材库/14.广州华世王镞/1. 朋友圈素材/图片集/邹伟坚/微信图片_20260610223445_8416_15.jpg
3100	jpg			8a/3e/8a3e38f2ddcb2549c50b711428381477.jpg	四大品牌素材库/14.广州华世王镞/1. 朋友圈素材/图片集/邹伟坚/微信图片_20260610223456_8423_15.jpg
3101	jpg			59/ff/59ffbcf7b7a87de018812682aad86d5b.jpg	四大品牌素材库/14.广州华世王镞/1. 朋友圈素材/图片集/邹伟坚/微信图片_20260610223508_8431_15.jpg
3102	jpg			52/c7/52c7e7fd4b8edaa2aab0a25ec8106e43.jpg	四大品牌素材库/14.广州华世王镞/1. 朋友圈素材/图片集/邹伟坚/微信图片_20260610223520_8439_15.jpg
3103	jpg			4a/9c/4a9c7e761dd01e96d7cd8de93071b4d8.jpg	四大品牌素材库/14.广州华世王镞/1. 朋友圈素材/图片集/邹伟坚/微信图片_20260610223524_8442_15.jpg
3104	jpg			1e/08/1e081ed094c1836bdcd38db15d4933ec.jpg	四大品牌素材库/14.广州华世王镞/1. 朋友圈素材/图片集/邹伟坚/微信图片_20260610223529_8445_15.jpg
3105	jpg			b6/fc/b6fcbd668aae5b3aa3163730574cc180.jpg	四大品牌素材库/14.广州华世王镞/1. 朋友圈素材/图片集/邹伟坚/微信图片_20260610223533_8448_15.jpg
3106	jpg			06/5e/065ed4616c198fe366f4a9d2ef16b43a.jpg	四大品牌素材库/14.广州华世王镞/1. 朋友圈素材/图片集/邹伟坚/微信图片_20260610223536_8450_15.jpg
3107	jpg			4d/51/4d51720d6f7ade035a9ac12a9f80327e.jpg	四大品牌素材库/14.广州华世王镞/1. 朋友圈素材/图片集/邹伟坚/微信图片_20260612111209_68_57.jpg
3108	jpg			8f/a1/8fa147dfa8083deb1c000a5a2f82bd54.jpg	四大品牌素材库/14.广州华世王镞/1. 朋友圈素材/图片集/邹伟坚/微信图片_20260612111210_70_57.jpg
3109	jpg			8c/3b/8c3b22f4868d6eb283af8c99a69988ae.jpg	四大品牌素材库/14.广州华世王镞/1. 朋友圈素材/图片集/韩君颖/微信图片_20260612170007_78_227.jpg
3110	jpg			1d/0f/1d0f2ce04d3c38532235d82ede22801a.jpg	四大品牌素材库/14.广州华世王镞/1. 朋友圈素材/图片集/韩君颖/微信图片_20260612170008_79_227.jpg
3111	jpg			c9/07/c907f1e19b75d13d425fbad2a7743418.jpg	四大品牌素材库/14.广州华世王镞/1. 朋友圈素材/图片集/韩君颖/微信图片_20260612170009_80_227.jpg
3112	jpg			0a/b7/0ab735794cc4604d2c3db045f8e8ffcb.jpg	四大品牌素材库/14.广州华世王镞/1. 朋友圈素材/图片集/韩君颖/微信图片_20260612170010_81_227.jpg
3113	jpg			21/49/21497d292c025cafdcc5c7901a345150.jpg	四大品牌素材库/14.广州华世王镞/1. 朋友圈素材/图片集/韩君颖/微信图片_20260612170011_82_227.jpg
3114	jpg			f5/8e/f58e076a7ae3c5e0a87507439f197f6b.jpg	四大品牌素材库/14.广州华世王镞/1. 朋友圈素材/图片集/韩君颖/微信图片_20260612170012_83_227.jpg
3115	jpg			99/1d/991d2e5c7ea9335560e2a2fec5666252.jpg	四大品牌素材库/14.广州华世王镞/1. 朋友圈素材/图片集/韩君颖/微信图片_20260612170013_84_227.jpg
3116	jpg			7f/f4/7ff48724d10eff522c5993513ce00d79.jpg	四大品牌素材库/14.广州华世王镞/1. 朋友圈素材/图片集/韩君颖/微信图片_20260612170014_85_227.jpg
3117	jpg			71/7d/717dc3ecf8bd0b93675eb186ecf1eef4.jpg	四大品牌素材库/14.广州华世王镞/1. 朋友圈素材/图片集/韩君颖/微信图片_20260612170015_86_227.jpg
3118	jpg			46/d4/46d44de86083f71b643f3df3fd1e7edf.jpg	四大品牌素材库/14.广州华世王镞/1. 朋友圈素材/图片集/韩君颖/微信图片_20260612170016_87_227.jpg
3119	jpg			02/41/0241ebbe80f754e07629841090eb580b.jpg	四大品牌素材库/14.广州华世王镞/1. 朋友圈素材/图片集/韩君颖/微信图片_20260612170017_88_227.jpg
3120	jpg			f3/24/f324327dc169a992d2091325366798dc.jpg	四大品牌素材库/14.广州华世王镞/1. 朋友圈素材/图片集/韩君颖/微信图片_20260612170018_89_227.jpg
3121	jpg			d4/1c/d41c2961f9a444ea225355cc8257c335.jpg	四大品牌素材库/14.广州华世王镞/1. 朋友圈素材/图片集/韩君颖/微信图片_20260612170019_90_227.jpg
3122	jpg			14/36/1436c9fb53450a7621199286e3b2d669.jpg	四大品牌素材库/14.广州华世王镞/1. 朋友圈素材/图片集/韩君颖/微信图片_20260612170020_91_227.jpg
3123	jpg			42/c8/42c8e39550f22081aaf387c83019a819.jpg	四大品牌素材库/14.广州华世王镞/1. 朋友圈素材/图片集/韩君颖/微信图片_20260612170020_92_227.jpg
3124	jpg			79/04/7904152b4d8aba973690c1b43474b9fa.jpg	四大品牌素材库/14.广州华世王镞/1. 朋友圈素材/图片集/韩君颖/微信图片_20260612170021_93_227.jpg
3125	jpg			e3/3e/e33e0bcf15826fb0a222e162429db05f.jpg	四大品牌素材库/14.广州华世王镞/1. 朋友圈素材/图片集/韩君颖/微信图片_20260612170022_94_227.jpg
3126	jpg			24/2f/242f5472123faf2f58b12911835632f3.jpg	四大品牌素材库/14.广州华世王镞/1. 朋友圈素材/图片集/韩君颖/微信图片_20260612170023_95_227.jpg
3127	jpg			66/5a/665ac0459388de83d5eaff8d252fce9d.jpg	四大品牌素材库/14.广州华世王镞/1. 朋友圈素材/图片集/韩君颖/微信图片_20260612170330_97_227.jpg
3128	jpg			d7/61/d7610da3a135d98e26146742c08c32c9.jpg	四大品牌素材库/14.广州华世王镞/1. 朋友圈素材/图片集/韩君颖/微信图片_20260612170418_98_227.jpg
3129	txt			10/e9/10e921b52451bd7553040a9d5740d77c.txt	四大品牌素材库/14.广州华世王镞/1. 朋友圈素材/朋友圈文案/1/文案.txt
3130	txt			9e/28/9e28f4d89c5b53b67ecc242d2eddccf1.txt	四大品牌素材库/14.广州华世王镞/1. 朋友圈素材/朋友圈文案/10/文案.txt
3131	txt			6f/ea/6fea0481cf3e0b0a652fc466f514413c.txt	四大品牌素材库/14.广州华世王镞/1. 朋友圈素材/朋友圈文案/11/文案.txt
3132	txt			cf/0f/cf0f54e24eca34586a93b166ebdb54ee.txt	四大品牌素材库/14.广州华世王镞/1. 朋友圈素材/朋友圈文案/12/文案.txt
3133	txt			22/9c/229c2d9a5da3fda40d9915dfc790d25e.txt	四大品牌素材库/14.广州华世王镞/1. 朋友圈素材/朋友圈文案/13/文案.txt
3135	txt			c4/45/c445799426b2a708742cf4467d457fe5.txt	四大品牌素材库/14.广州华世王镞/1. 朋友圈素材/朋友圈文案/15/文案.txt
3136	txt			ae/5b/ae5bb8d1be1601016570aab69539957b.txt	四大品牌素材库/14.广州华世王镞/1. 朋友圈素材/朋友圈文案/16/文案.txt
3137	txt			a6/8b/a68ba9fb486aa1240f850c49b1fbb7e3.txt	四大品牌素材库/14.广州华世王镞/1. 朋友圈素材/朋友圈文案/17/文案.txt
3138	txt			d7/c5/d7c5a1898fb512a13c59b5ac7eb992ee.txt	四大品牌素材库/14.广州华世王镞/1. 朋友圈素材/朋友圈文案/18/文案.txt
3139	txt			b9/94/b994f79b36ef50561738db6f53940b5d.txt	四大品牌素材库/14.广州华世王镞/1. 朋友圈素材/朋友圈文案/19/文案.txt
3140	txt			70/9b/709b999a8b1a7ce1785358a2d3a2c49e.txt	四大品牌素材库/14.广州华世王镞/1. 朋友圈素材/朋友圈文案/2/文案.txt
3141	txt			57/78/577809d13a32a35d3898ddd2ddb7572b.txt	四大品牌素材库/14.广州华世王镞/1. 朋友圈素材/朋友圈文案/20/文案.txt
3142	txt			c0/0f/c00f36259ef68e7bcea27194692cdd27.txt	四大品牌素材库/14.广州华世王镞/1. 朋友圈素材/朋友圈文案/21/文案.txt
3144	txt			81/23/8123a4eca97acc9d30a070897eddcf11.txt	四大品牌素材库/14.广州华世王镞/1. 朋友圈素材/朋友圈文案/23/文案.txt
3145	txt			57/0e/570e0ca4770a1291cf155c70f33442a4.txt	四大品牌素材库/14.广州华世王镞/1. 朋友圈素材/朋友圈文案/24/文案.txt
3147	txt			bd/96/bd96275999c6b31c73baefab68cb6067.txt	四大品牌素材库/14.广州华世王镞/1. 朋友圈素材/朋友圈文案/26/文案.txt
3148	txt			24/ec/24ec2f1b688543f500a4c1bfb48ff859.txt	四大品牌素材库/14.广州华世王镞/1. 朋友圈素材/朋友圈文案/27/文案.txt
3149	txt			9a/f3/9af386ff105de33a482a8974f459c2d4.txt	四大品牌素材库/14.广州华世王镞/1. 朋友圈素材/朋友圈文案/28/文案.txt
3150	txt			da/08/da0859db98609725a5440fbacb34b015.txt	四大品牌素材库/14.广州华世王镞/1. 朋友圈素材/朋友圈文案/29/文案.txt
3151	txt			34/c2/34c280a3c306c0f99b62e45a104f2aeb.txt	四大品牌素材库/14.广州华世王镞/1. 朋友圈素材/朋友圈文案/3/文案.txt
3152	txt			4c/dc/4cdcadab518d5681866b9772875967e9.txt	四大品牌素材库/14.广州华世王镞/1. 朋友圈素材/朋友圈文案/30/文案.txt
3156	txt			f7/18/f718ddef76fda8aa26cad9c3ec998a50.txt	四大品牌素材库/14.广州华世王镞/1. 朋友圈素材/朋友圈文案/34/文案.txt
3157	txt			11/63/1163d5f32f8128af9e64ac14449fbb25.txt	四大品牌素材库/14.广州华世王镞/1. 朋友圈素材/朋友圈文案/35/文案.txt
3158	txt			f8/51/f8515cf220b2cebcc83f831569206077.txt	四大品牌素材库/14.广州华世王镞/1. 朋友圈素材/朋友圈文案/4/文案.txt
3159	txt			43/cc/43ccc24619e5c585d608fd6a394fbc82.txt	四大品牌素材库/14.广州华世王镞/1. 朋友圈素材/朋友圈文案/5/文案.txt
3160	txt			f1/68/f1682fc1ba930c537bd4558cfe222679.txt	四大品牌素材库/14.广州华世王镞/1. 朋友圈素材/朋友圈文案/6/文案.txt
3161	txt			b0/55/b055428468028a739d6eef31c26b44b5.txt	四大品牌素材库/14.广州华世王镞/1. 朋友圈素材/朋友圈文案/7/文案.txt
3162	txt			01/69/01696e861d24c15ed0298d9b03b76337.txt	四大品牌素材库/14.广州华世王镞/1. 朋友圈素材/朋友圈文案/8/文案.txt
3163	txt			bf/d8/bfd8b8d028063dbfc5e6eff0faab3c91.txt	四大品牌素材库/14.广州华世王镞/1. 朋友圈素材/朋友圈文案/9/文案.txt
3164	txt			04/d9/04d973b636f0cc749a88fb3d336bdd9f.txt	四大品牌素材库/14.广州华世王镞/1. 朋友圈素材/朋友圈文案/索引.txt
3196	pdf			f4/83/f4833b7401edc21243c6c6d90099feff.pdf	四大品牌素材库/2.老板娘所需宣传资料戳这里！/KRNOBQUE(KN)资料工具包/蔻诺-25.09.13工厂价.pdf
3214	pdf			b5/e1/b5e1dcdcbc804c2226e6be84aae137c4.pdf	四大品牌素材库/2.老板娘所需宣传资料戳这里！/KRNOBQUE(KN)资料工具包/蔻诺博泉（白富美四件套质检报告）/蔻诺博泉/158183 KRNOBQUE妍采蕴颜精华液.pdf
3215	pdf			38/ea/38ea8a70108f37de3e0da04bd22d48e3.pdf	四大品牌素材库/2.老板娘所需宣传资料戳这里！/KRNOBQUE(KN)资料工具包/蔻诺博泉（白富美四件套质检报告）/蔻诺博泉/158190 KRNOBQUE妍采蕴颜霜.pdf
3219	jpg			4d/57/4d571c01cc034042f9adf28ada83a680.jpg	四大品牌素材库/2.老板娘所需宣传资料戳这里！/KRNOBQUE(KN)资料工具包/蔻诺展架/0745f91f8134bc98ad4687a0047a7a2.jpg
3220	jpg			57/2e/572e9da014c8a18313d58fc2a8d89639.jpg	四大品牌素材库/2.老板娘所需宣传资料戳这里！/KRNOBQUE(KN)资料工具包/蔻诺展架/27e129af784a377b40e8d61b4c43237.jpg
3221	jpg			91/d3/91d3bfd3ec01537ce3ac3c06c5b8689e.jpg	四大品牌素材库/2.老板娘所需宣传资料戳这里！/KRNOBQUE(KN)资料工具包/蔻诺展架/3c81fd084a210b887539e5b97f5bd47.jpg
3222	jpg			d6/99/d69934a96b170bb602271057722cc1e2.jpg	四大品牌素材库/2.老板娘所需宣传资料戳这里！/KRNOBQUE(KN)资料工具包/蔻诺展架/4959aa4bfb49cf83fe55e3f1a33810a.jpg
3223	jpg			8f/fb/8ffb5cdad72bf5e7e9e0b5ee1c4cddb5.jpg	四大品牌素材库/2.老板娘所需宣传资料戳这里！/KRNOBQUE(KN)资料工具包/蔻诺展架/62ab79b55aa117ecfab6f661d6d7fd8.jpg
3224	jpg			2b/35/2b3525f3028b79b8da2e9857d33654f3.jpg	四大品牌素材库/2.老板娘所需宣传资料戳这里！/KRNOBQUE(KN)资料工具包/蔻诺展架/7def41109ac27c24c5b8076163f8a2e.jpg
3225	jpg			54/6c/546c341615ff037f985f465b5988d251.jpg	四大品牌素材库/2.老板娘所需宣传资料戳这里！/KRNOBQUE(KN)资料工具包/蔻诺展架/c11c691e45ff6d8357613d10af73c67.jpg
3229	png			9b/c4/9bc48377e5a1c4969d6ad2f1006cac34.png	四大品牌素材库/2.老板娘所需宣传资料戳这里！/KRNOBQUE(KN)资料工具包/蔻诺展架/蔻诺+cb.png
3230	png			91/77/9177e1189dd8e41ec98f4d0d329c24c0.png	四大品牌素材库/2.老板娘所需宣传资料戳这里！/KRNOBQUE(KN)资料工具包/蔻诺展架/蔻诺产品+jf效果.png
3231	png			74/d9/74d93882fa107590dfed63beb3e5007b.png	四大品牌素材库/2.老板娘所需宣传资料戳这里！/KRNOBQUE(KN)资料工具包/蔻诺展架/蔻诺优势.png
2768	jpg			49/34/4934635273f6e4f612819940a53e8df8.jpg	四大品牌素材库/2.老板娘所需宣传资料戳这里！/KRNOBQUE(KN)资料工具包/蔻诺案例对比图/50.蔻诺 (1).jpg
3336	jpg			c4/53/c453f719259addcc2d1fde91620df3d5.jpg	四大品牌素材库/2.老板娘所需宣传资料戳这里！/KRNOBQUE(KN)资料工具包/蔻诺案例对比图/50.蔻诺 (2).jpg
3337	jpg			22/9d/229d4fee9c1a24729b521f70da0df2b9.jpg	四大品牌素材库/2.老板娘所需宣传资料戳这里！/KRNOBQUE(KN)资料工具包/蔻诺案例对比图/50.蔻诺 (3).jpg
3338	jpg			00/c2/00c2ac82167512a43a96e09ac970e80b.jpg	四大品牌素材库/2.老板娘所需宣传资料戳这里！/KRNOBQUE(KN)资料工具包/蔻诺案例对比图/51.蔻诺+AU 2个月 (1).jpg
3339	jpg			3b/95/3b955e8f453327542c220c2db1f2ff45.jpg	四大品牌素材库/2.老板娘所需宣传资料戳这里！/KRNOBQUE(KN)资料工具包/蔻诺案例对比图/51.蔻诺+AU 2个月 (2).jpg
3340	jpg			64/6c/646cdde238c4efcab7f52a204784fdff.jpg	四大品牌素材库/2.老板娘所需宣传资料戳这里！/KRNOBQUE(KN)资料工具包/蔻诺案例对比图/51.蔻诺+AU 2个月 (3).jpg
4528	jpg			7f/90/7f902f115e1e2b43b48aa495cf5e8e56.jpg	四大品牌素材库/2.老板娘所需宣传资料戳这里！/KRNOBQUE(KN)资料工具包/蔻诺灯箱设计/4.5x3.5-蔻诺对比图灯箱.jpg
3348	jpg			7f/90/7f902f115e1e2b43b48aa495cf5e8e56.jpg	四大品牌素材库/2.老板娘所需宣传资料戳这里！/KRNOBQUE(KN)资料工具包/蔻诺灯箱设计/4.5x3.5-蔻诺对比图灯箱.jpg
3408	jpg			8c/c5/8cc5eb1e23b77f559d0883ce5f954bb9.jpg	四大品牌素材库/2.老板娘所需宣传资料戳这里！/娇薇诗资料工具包/圣痘士展架/圣痘士展架.jpg
3425	pdf			fd/95/fd95e37509ba31c2f49ee771abc4df0f.pdf	四大品牌素材库/2.老板娘所需宣传资料戳这里！/娇薇诗资料工具包/娇薇诗-工厂价（9月更）.pdf
3536	jpg			24/c8/24c8f36fba93503d4c6e323d7c0857d2.jpg	四大品牌素材库/2.老板娘所需宣传资料戳这里！/娇薇诗资料工具包/娇薇诗案例对比图/20.娇薇诗-右边.jpg
3537	jpg			64/63/6463c6207c8bbee3782c6e3c074f90ca.jpg	四大品牌素材库/2.老板娘所需宣传资料戳这里！/娇薇诗资料工具包/娇薇诗案例对比图/20.娇薇诗-左边.jpg
3538	jpg			c0/4b/c04b24d98920dd0db5338624cf9b3206.jpg	四大品牌素材库/2.老板娘所需宣传资料戳这里！/娇薇诗资料工具包/娇薇诗案例对比图/20.娇薇诗-正面.jpg
3569	jpg			ff/d4/ffd437f5d7b02c38521f27f7a3025522.jpg	四大品牌素材库/2.老板娘所需宣传资料戳这里！/娇薇诗资料工具包/娇薇诗案例对比图/4.娇薇诗-右.jpg
3570	jpg			9a/39/9a395e5cd2e59af3efff2c163ec0d063.jpg	四大品牌素材库/2.老板娘所需宣传资料戳这里！/娇薇诗资料工具包/娇薇诗案例对比图/4.娇薇诗-左.jpg
3571	jpg			87/b0/87b02134d02ba499705c743c97a47f66.jpg	四大品牌素材库/2.老板娘所需宣传资料戳这里！/娇薇诗资料工具包/娇薇诗案例对比图/4.娇薇诗-正.jpg
3589	jpg			30/ed/30ed0f2d72c1db00220485d8eac55410.jpg	四大品牌素材库/2.老板娘所需宣传资料戳这里！/娇薇诗资料工具包/娇薇诗白富美 展架/娇薇诗---cb-效果对比-展架.jpg
3590	jpg			4a/0c/4a0cc6d1f817c468c0e739bf3c63f3be.jpg	四大品牌素材库/2.老板娘所需宣传资料戳这里！/娇薇诗资料工具包/娇薇诗白富美 展架/娇薇诗-jf-效果对比-展架.jpg
3591	png			18/3f/183fdaa34ba4d1152bff18ed3388b45f.png	四大品牌素材库/2.老板娘所需宣传资料戳这里！/娇薇诗资料工具包/娇薇诗白富美 展架/娇薇诗优势.png
3592	png			be/ff/beff2439d2ada85e815860c4e99637e7.png	四大品牌素材库/2.老板娘所需宣传资料戳这里！/娇薇诗资料工具包/娇薇诗白富美 展架/娇薇诗品牌介绍.png
3593	png			9a/3c/9a3c402ba0abe0f0e3bde6b2e28d1932.png	四大品牌素材库/2.老板娘所需宣传资料戳这里！/娇薇诗资料工具包/娇薇诗白富美 展架/娇薇诗品牌优势.png
3661	pdf			d3/ea/d3eacfc67055741208fc7718bdc653ad.pdf	四大品牌素材库/2.老板娘所需宣传资料戳这里！/清颜资料工具包/清颜 宣传册10.16-转曲制作.pdf
3662	pdf			e8/e9/e8e9937b7f47729a2b794ac32bd32528.pdf	四大品牌素材库/2.老板娘所需宣传资料戳这里！/清颜资料工具包/清颜-2025.9.9工厂价.pdf
3763	jpg			e1/49/e14940888891796915405b5201ea6027.jpg	四大品牌素材库/2.老板娘所需宣传资料戳这里！/清颜资料工具包/清颜案例对比图/30.清颜 (1).jpg
3764	png			f2/0b/f20b5167a561aca0f042d734cbdd8982.png	四大品牌素材库/2.老板娘所需宣传资料戳这里！/清颜资料工具包/清颜案例对比图/30.清颜 (1).png
3765	png			0a/cd/0acde8e85e16019f15f33cbae8badeeb.png	四大品牌素材库/2.老板娘所需宣传资料戳这里！/清颜资料工具包/清颜案例对比图/30.清颜 (2).png
3766	jpg			40/d9/40d989e324d13bdc91849f26fd80e3b0.jpg	四大品牌素材库/2.老板娘所需宣传资料戳这里！/清颜资料工具包/清颜案例对比图/31.清颜+AU技术 (1).jpg
3767	jpg			8c/e3/8ce33dc05e7bd2fe537c3bfdc621af12.jpg	四大品牌素材库/2.老板娘所需宣传资料戳这里！/清颜资料工具包/清颜案例对比图/31.清颜+AU技术 (2).jpg
3768	jpg			9a/71/9a71b291546a2c4ebc453c7c4074087d.jpg	四大品牌素材库/2.老板娘所需宣传资料戳这里！/清颜资料工具包/清颜案例对比图/31.清颜+AU技术 (3).jpg
3769	jpg			68/75/6875c7a4d8532992bd757babb91815e7.jpg	四大品牌素材库/2.老板娘所需宣传资料戳这里！/清颜资料工具包/清颜案例对比图/32.清颜+CB (1).jpg
3770	jpg			77/3a/773a84cf98261cfe12e3efe601e8e248.jpg	四大品牌素材库/2.老板娘所需宣传资料戳这里！/清颜资料工具包/清颜案例对比图/32.清颜+CB (2).jpg
3771	jpg			0c/49/0c49f0db96a177a4f56a206d523b8ed5.jpg	四大品牌素材库/2.老板娘所需宣传资料戳这里！/清颜资料工具包/清颜案例对比图/32.清颜+CB (3).jpg
3787	jpg			b7/ff/b7fffa664116356d566b80717dc54556.jpg	四大品牌素材库/2.老板娘所需宣传资料戳这里！/清颜资料工具包/清颜白富美 展架/清颜---CB-效果对比-展架.jpg
3788	jpg			81/be/81bebddaa6c0fa564937c4bead7c2311.jpg	四大品牌素材库/2.老板娘所需宣传资料戳这里！/清颜资料工具包/清颜白富美 展架/清颜-效果对比-展架--JF.jpg
3791	jpg			48/64/4864570617e7695c3e682fab32d00968.jpg	四大品牌素材库/2.老板娘所需宣传资料戳这里！/清颜资料工具包/清颜白富美 展架/白富美-大套-清颜2 cmyk.jpg
3793	jpg			3f/c7/3fc793e6052292e883878808d5cd4287.jpg	四大品牌素材库/2.老板娘所需宣传资料戳这里！/清颜资料工具包/清颜白富美套灯箱/4.5x3.5-清颜对比图灯箱 .jpg
4529	jpg			3f/c7/3fc793e6052292e883878808d5cd4287.jpg	四大品牌素材库/2.老板娘所需宣传资料戳这里！/清颜资料工具包/清颜白富美套灯箱/4.5x3.5-清颜对比图灯箱 .jpg
4525	jpg			11/fd/11fd9c3a9f8fb52538752608f9872fbe.jpg	四大品牌素材库/2.老板娘所需宣传资料戳这里！/清颜资料工具包/清颜白富美套灯箱/4.5x3.5-清颜白富美套盒灯箱 .jpg
3794	jpg			11/fd/11fd9c3a9f8fb52538752608f9872fbe.jpg	四大品牌素材库/2.老板娘所需宣传资料戳这里！/清颜资料工具包/清颜白富美套灯箱/4.5x3.5-清颜白富美套盒灯箱 .jpg
4524	pdf			73/b4/73b4934139ec5682befcda25c8a1f436.pdf	四大品牌素材库/2.老板娘所需宣传资料戳这里！/苏蜜雅资料工具包/苏蜜雅 宣传册 10.16-转曲制作.pdf
4532	jpg			a8/84/a88489fb8dc6d0641161b3e510ed91f3.jpg	四大品牌素材库/2.老板娘所需宣传资料戳这里！/苏蜜雅资料工具包/苏蜜雅灯箱设计/4.5x3.5-苏蜜雅对比图灯箱.jpg
4531	jpg			a8/84/a88489fb8dc6d0641161b3e510ed91f3.jpg	四大品牌素材库/2.老板娘所需宣传资料戳这里！/苏蜜雅资料工具包/苏蜜雅灯箱设计/4.5x3.5-苏蜜雅对比图灯箱.jpg
4527	jpg			8d/a2/8da23ec6f71e4152d7f34476fa80c6e0.jpg	四大品牌素材库/2.老板娘所需宣传资料戳这里！/苏蜜雅资料工具包/苏蜜雅灯箱设计/4.5x3.5-苏蜜雅白富美套盒灯箱 .jpg
4526	jpg			8d/a2/8da23ec6f71e4152d7f34476fa80c6e0.jpg	四大品牌素材库/2.老板娘所需宣传资料戳这里！/苏蜜雅资料工具包/苏蜜雅灯箱设计/4.5x3.5-苏蜜雅白富美套盒灯箱 .jpg
4530	jpg			48/64/4864570617e7695c3e682fab32d00968.jpg	四大品牌素材库/8.爆品+个人介绍展架（线下物料使用）/白富美大套/白富美大套展架-清颜.jpg
